,id,minute,result,X,Y,xG,player,h_a,player_id,situation,season,shotType,match_id,h_team,a_team,h_goals,a_goals,date,player_assisted,lastAction
0,585312,17,Goal,0.9259999847412108,0.5359999847412109,0.5389691591262817,Erling Haaland,a,8260,OpenPlay,2024,LeftFoot,26610,Chelsea,Manchester City,0,2,2024-08-18 15:30:00,Bernardo Silva,Pass
1,585321,51,SavedShot,0.865999984741211,0.4759999847412109,0.1167243123054504,Erling Haaland,a,8260,OpenPlay,2024,LeftFoot,26610,Chelsea,Manchester City,0,2,2024-08-18 15:30:00,Bernardo Silva,Pass
2,586163,11,Goal,0.885,0.5,0.7611688375473022,Erling Haaland,h,8260,Penalty,2024,LeftFoot,26615,Manchester City,Ipswich,4,1,2024-08-24 14:00:00,,Standard
3,586165,15,Goal,0.9209999847412108,0.6919999694824219,0.4703933298587799,Erling Haaland,h,8260,OpenPlay,2024,LeftFoot,26615,Manchester City,Ipswich,4,1,2024-08-24 14:00:00,Kevin De Bruyne,TakeOn
4,586169,32,MissedShots,0.89,0.484000015258789,0.0634668841958046,Erling Haaland,h,8260,OpenPlay,2024,Head,26615,Manchester City,Ipswich,4,1,2024-08-24 14:00:00,Manuel Akanji,Cross
5,586171,47,MissedShots,0.9569999694824218,0.5670000076293945,0.1507614850997924,Erling Haaland,h,8260,OpenPlay,2024,LeftFoot,26615,Manchester City,Ipswich,4,1,2024-08-24 14:00:00,Jéremy Doku,Pass
6,586172,50,MissedShots,0.911999969482422,0.5209999847412109,0.045987844467163,Erling Haaland,h,8260,OpenPlay,2024,Head,26615,Manchester City,Ipswich,4,1,2024-08-24 14:00:00,Sávio,Aerial
7,586173,63,SavedShot,0.93,0.544000015258789,0.3169856667518616,Erling Haaland,h,8260,FromCorner,2024,Head,26615,Manchester City,Ipswich,4,1,2024-08-24 14:00:00,Kevin De Bruyne,Cross
8,586176,87,Goal,0.7769999694824219,0.3679999923706055,0.0317001603543758,Erling Haaland,h,8260,OpenPlay,2024,LeftFoot,26615,Manchester City,Ipswich,4,1,2024-08-24 14:00:00,,BallTouch
9,589397,5,MissedShots,0.933000030517578,0.465,0.384419173002243,Erling Haaland,a,8260,OpenPlay,2024,Head,26628,West Ham,Manchester City,1,3,2024-08-31 16:30:00,Bernardo Silva,Chipped
10,589400,9,Goal,0.87,0.445,0.3632678687572479,Erling Haaland,a,8260,OpenPlay,2024,LeftFoot,26628,West Ham,Manchester City,1,3,2024-08-31 16:30:00,Bernardo Silva,Pass
11,589408,29,Goal,0.86,0.3829999923706054,0.0827379524707794,Erling Haaland,a,8260,OpenPlay,2024,LeftFoot,26628,West Ham,Manchester City,1,3,2024-08-31 16:30:00,Rico Lewis,Pass
12,589426,82,Goal,0.8240000152587891,0.53,0.3301194310188293,Erling Haaland,a,8260,OpenPlay,2024,LeftFoot,26628,West Ham,Manchester City,1,3,2024-08-31 16:30:00,Matheus Nunes,Throughball
13,589428,94,SavedShot,0.963000030517578,0.644000015258789,0.1531204432249069,Erling Haaland,a,8260,OpenPlay,2024,LeftFoot,26628,West Ham,Manchester City,1,3,2024-08-31 16:30:00,Ilkay Gündogan,Throughball
14,590772,19,Goal,0.9159999847412108,0.3929999923706054,0.0692524090409278,Erling Haaland,h,8260,OpenPlay,2024,RightFoot,26637,Manchester City,Brentford,2,1,2024-09-14 14:00:00,,Dispossessed
15,590776,31,Goal,0.8730000305175781,0.5729999923706055,0.2012233585119247,Erling Haaland,h,8260,OpenPlay,2024,LeftFoot,26637,Manchester City,Brentford,2,1,2024-09-14 14:00:00,Ederson,Pass
16,590784,68,SavedShot,0.8830000305175781,0.4379999923706055,0.1167666688561439,Erling Haaland,h,8260,OpenPlay,2024,RightFoot,26637,Manchester City,Brentford,2,1,2024-09-14 14:00:00,Ilkay Gündogan,Pass
17,590792,80,SavedShot,0.875999984741211,0.6370000076293946,0.0960469096899032,Erling Haaland,h,8260,OpenPlay,2024,LeftFoot,26637,Manchester City,Brentford,2,1,2024-09-14 14:00:00,Kevin De Bruyne,Pass
18,590791,80,BlockedShot,0.855,0.555,0.1039682775735855,Erling Haaland,h,8260,OpenPlay,2024,LeftFoot,26637,Manchester City,Brentford,2,1,2024-09-14 14:00:00,Jack Grealish,Pass
19,590790,80,ShotOnPost,0.9109999847412108,0.55,0.1432002484798431,Erling Haaland,h,8260,OpenPlay,2024,LeftFoot,26637,Manchester City,Brentford,2,1,2024-09-14 14:00:00,Kevin De Bruyne,Pass
20,593121,8,Goal,0.879000015258789,0.3920000076293945,0.3288222551345825,Erling Haaland,h,8260,OpenPlay,2024,LeftFoot,26651,Manchester City,Arsenal,2,2,2024-09-22 15:30:00,Sávio,Throughball
21,593129,47,SavedShot,0.936999969482422,0.5579999923706055,0.0514668338000774,Erling Haaland,h,8260,OpenPlay,2024,Head,26651,Manchester City,Arsenal,2,2,2024-09-22 15:30:00,Kyle Walker,Aerial
22,593135,58,SavedShot,0.965,0.575,0.2709996998310089,Erling Haaland,h,8260,FromCorner,2024,Head,26651,Manchester City,Arsenal,2,2,2024-09-22 15:30:00,Kyle Walker,Aerial
23,593146,76,BlockedShot,0.8719999694824219,0.3659999847412109,0.0659854859113693,Erling Haaland,h,8260,OpenPlay,2024,LeftFoot,26651,Manchester City,Arsenal,2,2,2024-09-22 15:30:00,Ilkay Gündogan,Pass
24,593152,88,SavedShot,0.9009999847412108,0.499000015258789,0.0798156335949897,Erling Haaland,h,8260,OpenPlay,2024,LeftFoot,26651,Manchester City,Arsenal,2,2,2024-09-22 15:30:00,,BallTouch
25,593153,92,SavedShot,0.8980000305175782,0.524000015258789,0.0320949591696262,Erling Haaland,h,8260,OpenPlay,2024,Head,26651,Manchester City,Arsenal,2,2,2024-09-22 15:30:00,Manuel Akanji,Aerial
26,593807,6,SavedShot,0.8830000305175781,0.7030000305175781,0.0455188006162643,Erling Haaland,a,8260,OpenPlay,2024,LeftFoot,26652,Newcastle United,Manchester City,1,1,2024-09-28 11:30:00,Ilkay Gündogan,Pass
27,593819,51,BlockedShot,0.8959999847412109,0.3220000076293945,0.0931793004274368,Erling Haaland,a,8260,OpenPlay,2024,LeftFoot,26652,Newcastle United,Manchester City,1,1,2024-09-28 11:30:00,,TakeOn
28,593825,74,BlockedShot,0.85,0.4309999847412109,0.0889013335108757,Erling Haaland,a,8260,OpenPlay,2024,LeftFoot,26652,Newcastle United,Manchester City,1,1,2024-09-28 11:30:00,Mateo Kovacic,Pass
29,593826,75,MissedShots,0.97,0.4070000076293945,0.0437359251081943,Erling Haaland,a,8260,OpenPlay,2024,Head,26652,Newcastle United,Manchester City,1,1,2024-09-28 11:30:00,Jack Grealish,Chipped
30,593830,94,SavedShot,0.916999969482422,0.5070000076293946,0.1196653470396995,Erling Haaland,a,8260,OpenPlay,2024,Head,26652,Newcastle United,Manchester City,1,1,2024-09-28 11:30:00,Sávio,Cross
0,584805,4,BlockedShot,0.815,0.4659999847412109,0.056976992636919,Antoine Semenyo,a,11363,OpenPlay,2024,RightFoot,26607,Nottingham Forest,Bournemouth,1,1,2024-08-17 14:00:00,Alex Scott,BallTouch
1,584816,45,MissedShots,0.85,0.295,0.0322774834930896,Antoine Semenyo,a,11363,OpenPlay,2024,LeftFoot,26607,Nottingham Forest,Bournemouth,1,1,2024-08-17 14:00:00,,None
2,584823,62,MissedShots,0.7390000152587891,0.685,0.0176343526691198,Antoine Semenyo,a,11363,OpenPlay,2024,RightFoot,26607,Nottingham Forest,Bournemouth,1,1,2024-08-17 14:00:00,Marcus Tavernier,Pass
3,584824,64,SavedShot,0.795,0.659000015258789,0.0262943692505359,Antoine Semenyo,a,11363,OpenPlay,2024,RightFoot,26607,Nottingham Forest,Bournemouth,1,1,2024-08-17 14:00:00,Milos Kerkez,Pass
4,584829,85,Goal,0.9619999694824218,0.4920000076293945,0.6533881425857544,Antoine Semenyo,a,11363,OpenPlay,2024,LeftFoot,26607,Nottingham Forest,Bournemouth,1,1,2024-08-17 14:00:00,,None
5,586635,26,ShotOnPost,0.7480000305175781,0.2420000076293945,0.0135715771466493,Antoine Semenyo,h,11363,OpenPlay,2024,LeftFoot,26620,Bournemouth,Newcastle United,1,1,2024-08-25 13:00:00,,TakeOn
6,586637,33,MissedShots,0.860999984741211,0.3079999923706055,0.0465087555348873,Antoine Semenyo,h,11363,OpenPlay,2024,LeftFoot,26620,Bournemouth,Newcastle United,1,1,2024-08-25 13:00:00,Marcus Tavernier,BallTouch
7,586642,49,BlockedShot,0.8959999847412109,0.5429999923706055,0.1537725925445556,Antoine Semenyo,h,11363,OpenPlay,2024,LeftFoot,26620,Bournemouth,Newcastle United,1,1,2024-08-25 13:00:00,Justin Kluivert,Pass
8,586644,52,BlockedShot,0.8369999694824218,0.7559999847412109,0.0315325558185577,Antoine Semenyo,h,11363,OpenPlay,2024,LeftFoot,26620,Bournemouth,Newcastle United,1,1,2024-08-25 13:00:00,Ryan Christie,Pass
9,586646,58,MissedShots,0.885,0.2479999923706054,0.0425116792321205,Antoine Semenyo,h,11363,OpenPlay,2024,RightFoot,26620,Bournemouth,Newcastle United,1,1,2024-08-25 13:00:00,Justin Kluivert,Pass
10,586654,78,BlockedShot,0.865999984741211,0.4,0.0911783128976821,Antoine Semenyo,h,11363,OpenPlay,2024,RightFoot,26620,Bournemouth,Newcastle United,1,1,2024-08-25 13:00:00,Marcus Tavernier,Pass
11,586660,97,BlockedShot,0.779000015258789,0.3559999847412109,0.0257011037319898,Antoine Semenyo,h,11363,OpenPlay,2024,LeftFoot,26620,Bournemouth,Newcastle United,1,1,2024-08-25 13:00:00,Luis Sinisterra,Pass
12,589179,6,MissedShots,0.909000015258789,0.3829999923706054,0.0643413737416267,Antoine Semenyo,a,11363,OpenPlay,2024,LeftFoot,26624,Everton,Bournemouth,2,3,2024-08-31 14:00:00,Milos Kerkez,Cross
13,589188,34,BlockedShot,0.855,0.3520000076293945,0.0193327404558658,Antoine Semenyo,a,11363,SetPiece,2024,LeftFoot,26624,Everton,Bournemouth,2,3,2024-08-31 14:00:00,Marcus Tavernier,Cross
14,589206,86,Goal,0.968000030517578,0.46,0.5976698398590088,Antoine Semenyo,a,11363,OpenPlay,2024,RightFoot,26624,Everton,Bournemouth,2,3,2024-08-31 14:00:00,Dango Ouattara,Cross
15,589212,93,MissedShots,0.8469999694824218,0.38,0.0697761848568916,Antoine Semenyo,a,11363,OpenPlay,2024,LeftFoot,26624,Everton,Bournemouth,2,3,2024-08-31 14:00:00,Adam Smith,Pass
16,589211,93,SavedShot,0.8159999847412109,0.5309999847412109,0.053526397794485,Antoine Semenyo,a,11363,OpenPlay,2024,LeftFoot,26624,Everton,Bournemouth,2,3,2024-08-31 14:00:00,Dango Ouattara,Pass
17,591166,12,MissedShots,0.725999984741211,0.4370000076293945,0.0177592933177948,Antoine Semenyo,h,11363,OpenPlay,2024,RightFoot,26639,Bournemouth,Chelsea,0,1,2024-09-14 19:00:00,Ryan Christie,Pass
18,591182,57,MissedShots,0.7769999694824219,0.53,0.027066072449088,Antoine Semenyo,h,11363,SetPiece,2024,RightFoot,26639,Bournemouth,Chelsea,0,1,2024-09-14 19:00:00,Marcus Tavernier,Pass
19,591189,88,BlockedShot,0.8719999694824219,0.3329999923706054,0.0549122653901577,Antoine Semenyo,h,11363,OpenPlay,2024,RightFoot,26639,Bournemouth,Chelsea,0,1,2024-09-14 19:00:00,Enes Ünal,Pass
20,592402,19,SavedShot,0.884000015258789,0.595999984741211,0.3615620732307434,Antoine Semenyo,a,11363,OpenPlay,2024,LeftFoot,26645,Liverpool,Bournemouth,3,0,2024-09-21 14:00:00,Evanilson,Throughball
21,592409,31,MissedShots,0.8030000305175782,0.349000015258789,0.0444370731711387,Antoine Semenyo,a,11363,OpenPlay,2024,RightFoot,26645,Liverpool,Bournemouth,3,0,2024-09-21 14:00:00,Dean Huijsen,TakeOn
22,592414,49,BlockedShot,0.7809999847412109,0.415,0.0220578573644161,Antoine Semenyo,a,11363,OpenPlay,2024,RightFoot,26645,Liverpool,Bournemouth,3,0,2024-09-21 14:00:00,,None
23,592415,53,SavedShot,0.8619999694824219,0.3529999923706055,0.0379660241305828,Antoine Semenyo,a,11363,OpenPlay,2024,LeftFoot,26645,Liverpool,Bournemouth,3,0,2024-09-21 14:00:00,Marcus Tavernier,Chipped
24,595027,38,Goal,0.8669999694824219,0.2960000038146972,0.057191751897335,Antoine Semenyo,h,11363,OpenPlay,2024,RightFoot,26661,Bournemouth,Southampton,3,1,2024-09-30 19:00:00,Lewis Cook,TakeOn
25,595034,62,BlockedShot,0.799000015258789,0.3279999923706054,0.0405413396656513,Antoine Semenyo,h,11363,OpenPlay,2024,LeftFoot,26661,Bournemouth,Southampton,3,1,2024-09-30 19:00:00,Justin Kluivert,Pass
26,595035,64,BlockedShot,0.8690000152587891,0.57,0.12479218095541,Antoine Semenyo,h,11363,OpenPlay,2024,LeftFoot,26661,Bournemouth,Southampton,3,1,2024-09-30 19:00:00,Marcus Tavernier,Pass
27,595039,79,BlockedShot,0.8859999847412109,0.3160000038146973,0.076769895851612,Antoine Semenyo,h,11363,OpenPlay,2024,RightFoot,26661,Bournemouth,Southampton,3,1,2024-09-30 19:00:00,Lewis Cook,Pass
0,585154,14,BlockedShot,0.85,0.53,0.0987855121493339,Eberechi Eze,a,8706,OpenPlay,2024,RightFoot,26609,Brentford,Crystal Palace,2,1,2024-08-18 13:00:00,Tyrick Mitchell,Pass
1,585155,20,MissedShots,0.8109999847412109,0.6329999923706054,0.1050617843866348,Eberechi Eze,a,8706,DirectFreekick,2024,RightFoot,26609,Brentford,Crystal Palace,2,1,2024-08-18 13:00:00,,Standard
2,585171,79,BlockedShot,0.764000015258789,0.5790000152587891,0.024778289720416,Eberechi Eze,a,8706,OpenPlay,2024,LeftFoot,26609,Brentford,Crystal Palace,2,1,2024-08-18 13:00:00,Odsonne Edouard,Pass
3,585172,81,SavedShot,0.8869999694824219,0.66,0.0658464655280113,Eberechi Eze,a,8706,OpenPlay,2024,LeftFoot,26609,Brentford,Crystal Palace,2,1,2024-08-18 13:00:00,Tyrick Mitchell,Pass
4,585173,82,BlockedShot,0.784000015258789,0.479000015258789,0.0242854598909616,Eberechi Eze,a,8706,FromCorner,2024,RightFoot,26609,Brentford,Crystal Palace,2,1,2024-08-18 13:00:00,,None
5,585174,86,SavedShot,0.941999969482422,0.7180000305175781,0.059560440480709,Eberechi Eze,a,8706,OpenPlay,2024,LeftFoot,26609,Brentford,Crystal Palace,2,1,2024-08-18 13:00:00,,TakeOn
6,585176,88,SavedShot,0.943000030517578,0.6559999847412109,0.0577539205551147,Eberechi Eze,a,8706,OpenPlay,2024,LeftFoot,26609,Brentford,Crystal Palace,2,1,2024-08-18 13:00:00,,None
7,586039,5,BlockedShot,0.8580000305175781,0.605,0.1193188577890396,Eberechi Eze,h,8706,OpenPlay,2024,RightFoot,26613,Crystal Palace,West Ham,0,2,2024-08-24 14:00:00,Jean-Philippe Mateta,Pass
8,586044,15,SavedShot,0.901999969482422,0.6730000305175782,0.3175390064716339,Eberechi Eze,h,8706,OpenPlay,2024,RightFoot,26613,Crystal Palace,West Ham,0,2,2024-08-24 14:00:00,Adam Wharton,Throughball
9,586051,41,ShotOnPost,0.8109999847412109,0.419000015258789,0.0387382730841636,Eberechi Eze,h,8706,FromCorner,2024,RightFoot,26613,Crystal Palace,West Ham,0,2,2024-08-24 14:00:00,Adam Wharton,Pass
10,586065,91,MissedShots,0.8059999847412109,0.6409999847412109,0.0275496784597635,Eberechi Eze,h,8706,SetPiece,2024,RightFoot,26613,Crystal Palace,West Ham,0,2,2024-08-24 14:00:00,Daichi Kamada,Pass
11,586067,94,BlockedShot,0.750999984741211,0.6569999694824219,0.0140702445060014,Eberechi Eze,h,8706,OpenPlay,2024,RightFoot,26613,Crystal Palace,West Ham,0,2,2024-08-24 14:00:00,Daichi Kamada,Pass
12,589755,47,MissedShots,0.715,0.474000015258789,0.0438079088926315,Eberechi Eze,a,8706,DirectFreekick,2024,RightFoot,26630,Chelsea,Crystal Palace,1,1,2024-09-01 12:30:00,,Standard
13,589759,52,Goal,0.8059999847412109,0.5729999923706055,0.0290465354919433,Eberechi Eze,a,8706,SetPiece,2024,RightFoot,26630,Chelsea,Crystal Palace,1,1,2024-09-01 12:30:00,,Rebound
14,589763,91,BlockedShot,0.8390000152587891,0.44,0.0741902887821197,Eberechi Eze,a,8706,OpenPlay,2024,RightFoot,26630,Chelsea,Crystal Palace,1,1,2024-09-01 12:30:00,Ismaila Sarr,Pass
15,590807,34,MissedShots,0.948000030517578,0.6079999923706054,0.347813993692398,Eberechi Eze,h,8706,OpenPlay,2024,RightFoot,26636,Crystal Palace,Leicester,2,2,2024-09-14 14:00:00,Tyrick Mitchell,TakeOn
16,590815,74,BlockedShot,0.904000015258789,0.5359999847412109,0.1044820472598075,Eberechi Eze,h,8706,OpenPlay,2024,LeftFoot,26636,Crystal Palace,Leicester,2,2,2024-09-14 14:00:00,Eddie Nketiah,Pass
17,590816,79,BlockedShot,0.7919999694824219,0.754000015258789,0.0487512275576591,Eberechi Eze,h,8706,DirectFreekick,2024,RightFoot,26636,Crystal Palace,Leicester,2,2,2024-09-14 14:00:00,,Standard
18,592626,43,SavedShot,0.855999984741211,0.585999984741211,0.3301702737808227,Eberechi Eze,h,8706,OpenPlay,2024,RightFoot,26649,Crystal Palace,Manchester United,0,0,2024-09-21 16:30:00,Tyrick Mitchell,Throughball
19,592637,71,MissedShots,0.889000015258789,0.4729999923706054,0.3995842039585113,Eberechi Eze,h,8706,OpenPlay,2024,RightFoot,26649,Crystal Palace,Manchester United,0,0,2024-09-21 16:30:00,Ismaila Sarr,Pass
20,594074,9,BlockedShot,0.7469999694824219,0.3829999923706054,0.0539337918162345,Eberechi Eze,a,8706,DirectFreekick,2024,RightFoot,26654,Everton,Crystal Palace,2,1,2024-09-28 14:00:00,,Standard
21,594082,25,MissedShots,0.8569999694824219,0.5640000152587891,0.0527228042483329,Eberechi Eze,a,8706,FromCorner,2024,LeftFoot,26654,Everton,Crystal Palace,2,1,2024-09-28 14:00:00,Daichi Kamada,Pass
22,594086,42,SavedShot,0.7580000305175781,0.6370000076293946,0.020948901772499,Eberechi Eze,a,8706,OpenPlay,2024,RightFoot,26654,Everton,Crystal Palace,2,1,2024-09-28 14:00:00,Jean-Philippe Mateta,Pass
23,594092,71,BlockedShot,0.765,0.5220000076293946,0.0268411040306091,Eberechi Eze,a,8706,FromCorner,2024,RightFoot,26654,Everton,Crystal Palace,2,1,2024-09-28 14:00:00,Daniel Muñoz,Pass
24,594093,77,BlockedShot,0.7469999694824219,0.3609999847412109,0.0184026770293712,Eberechi Eze,a,8706,OpenPlay,2024,LeftFoot,26654,Everton,Crystal Palace,2,1,2024-09-28 14:00:00,Adam Wharton,Pass
0,584693,46,BlockedShot,0.874000015258789,0.3379999923706054,0.0402679517865181,Mohamed Salah,a,1250,FromCorner,2024,LeftFoot,26603,Ipswich,Liverpool,0,2,2024-08-17 11:30:00,Luis Díaz,Pass
1,584700,64,Goal,0.936999969482422,0.4490000152587891,0.5713244676589966,Mohamed Salah,a,1250,OpenPlay,2024,LeftFoot,26603,Ipswich,Liverpool,0,2,2024-08-17 11:30:00,,None
2,584702,70,SavedShot,0.8369999694824218,0.5629999923706055,0.4031998515129089,Mohamed Salah,a,1250,OpenPlay,2024,LeftFoot,26603,Ipswich,Liverpool,0,2,2024-08-17 11:30:00,Dominik Szoboszlai,Throughball
3,584707,93,SavedShot,0.9309999847412108,0.3470000076293945,0.0819427371025085,Mohamed Salah,a,1250,OpenPlay,2024,LeftFoot,26603,Ipswich,Liverpool,0,2,2024-08-17 11:30:00,,None
4,586849,20,MissedShots,0.8819999694824219,0.3139999961853027,0.0644138157367706,Mohamed Salah,h,1250,OpenPlay,2024,LeftFoot,26621,Liverpool,Brentford,2,0,2024-08-25 15:30:00,Trent Alexander-Arnold,Pass
5,586869,67,SavedShot,0.8640000152587891,0.27,0.0437903478741645,Mohamed Salah,h,1250,OpenPlay,2024,LeftFoot,26621,Liverpool,Brentford,2,0,2024-08-25 15:30:00,Dominik Szoboszlai,Pass
6,586870,69,Goal,0.894000015258789,0.379000015258789,0.3250463306903839,Mohamed Salah,h,1250,OpenPlay,2024,LeftFoot,26621,Liverpool,Brentford,2,0,2024-08-25 15:30:00,Luis Díaz,Pass
7,589908,55,Goal,0.8569999694824219,0.42,0.2954355478286743,Mohamed Salah,a,1250,OpenPlay,2024,LeftFoot,26631,Manchester United,Liverpool,0,3,2024-09-01 15:00:00,Dominik Szoboszlai,Pass
8,589909,56,MissedShots,0.860999984741211,0.4909999847412109,0.1737222522497177,Mohamed Salah,a,1250,OpenPlay,2024,LeftFoot,26631,Manchester United,Liverpool,0,3,2024-09-01 15:00:00,,TakeOn
9,589910,57,BlockedShot,0.865,0.2929999923706055,0.0539363883435726,Mohamed Salah,a,1250,OpenPlay,2024,LeftFoot,26631,Manchester United,Liverpool,0,3,2024-09-01 15:00:00,Alexis Mac Allister,Pass
10,590861,51,SavedShot,0.965,0.3220000076293945,0.0892903804779052,Mohamed Salah,h,1250,OpenPlay,2024,RightFoot,26635,Liverpool,Nottingham Forest,0,1,2024-09-14 14:00:00,Trent Alexander-Arnold,TakeOn
11,590865,65,MissedShots,0.7680000305175781,0.34,0.0203392002731561,Mohamed Salah,h,1250,OpenPlay,2024,LeftFoot,26635,Liverpool,Nottingham Forest,0,1,2024-09-14 14:00:00,Ibrahima Konaté,Chipped
12,590870,75,SavedShot,0.906999969482422,0.2429999923706054,0.0309275295585393,Mohamed Salah,h,1250,OpenPlay,2024,LeftFoot,26635,Liverpool,Nottingham Forest,0,1,2024-09-14 14:00:00,Dominik Szoboszlai,Pass
13,592400,12,SavedShot,0.8569999694824219,0.364000015258789,0.0839466229081153,Mohamed Salah,h,1250,OpenPlay,2024,LeftFoot,26645,Liverpool,Bournemouth,3,0,2024-09-21 14:00:00,Alexis Mac Allister,Pass
14,592413,39,SavedShot,0.870999984741211,0.3240000152587891,0.0777772217988967,Mohamed Salah,h,1250,OpenPlay,2024,LeftFoot,26645,Liverpool,Bournemouth,3,0,2024-09-21 14:00:00,Ryan Gravenberch,Pass
15,592418,58,BlockedShot,0.911999969482422,0.6179999923706054,0.1671527922153473,Mohamed Salah,h,1250,OpenPlay,2024,RightFoot,26645,Liverpool,Bournemouth,3,0,2024-09-21 14:00:00,,TakeOn
16,592417,58,SavedShot,0.950999984741211,0.6029999923706054,0.1266997158527374,Mohamed Salah,h,1250,OpenPlay,2024,LeftFoot,26645,Liverpool,Bournemouth,3,0,2024-09-21 14:00:00,Alexis Mac Allister,Chipped
17,594314,49,MissedShots,0.86,0.3679999923706055,0.328348696231842,Mohamed Salah,a,1250,OpenPlay,2024,RightFoot,26658,Wolverhampton Wanderers,Liverpool,1,2,2024-09-28 16:30:00,,None
18,594316,60,Goal,0.885,0.5,0.7611688375473022,Mohamed Salah,a,1250,Penalty,2024,LeftFoot,26658,Wolverhampton Wanderers,Liverpool,1,2,2024-09-28 16:30:00,,Standard
19,594317,64,SavedShot,0.8419999694824218,0.3039999961853027,0.0653824210166931,Mohamed Salah,a,1250,OpenPlay,2024,LeftFoot,26658,Wolverhampton Wanderers,Liverpool,1,2,2024-09-28 16:30:00,Trent Alexander-Arnold,Pass
0,585319,43,SavedShot,0.7880000305175782,0.359000015258789,0.0272549726068973,Cole Palmer,h,8497,OpenPlay,2024,LeftFoot,26610,Chelsea,Manchester City,0,2,2024-08-18 15:30:00,Christopher Nkunku,Pass
1,585328,91,MissedShots,0.7869999694824219,0.3579999923706055,0.0349465608596801,Cole Palmer,h,8497,OpenPlay,2024,LeftFoot,26610,Chelsea,Manchester City,0,2,2024-08-18 15:30:00,Moisés Caicedo,TakeOn
2,586665,17,MissedShots,0.9209999847412108,0.44,0.1261259466409683,Cole Palmer,a,8497,OpenPlay,2024,LeftFoot,26619,Wolverhampton Wanderers,Chelsea,2,6,2024-08-25 13:00:00,Noni Madueke,Cross
3,586668,35,BlockedShot,0.759000015258789,0.32,0.0502672418951988,Cole Palmer,a,8497,DirectFreekick,2024,LeftFoot,26619,Wolverhampton Wanderers,Chelsea,2,6,2024-08-25 13:00:00,,Standard
4,586673,44,Goal,0.755,0.5990000152587891,0.0163952596485614,Cole Palmer,a,8497,OpenPlay,2024,LeftFoot,26619,Wolverhampton Wanderers,Chelsea,2,6,2024-08-25 13:00:00,Nicolas Jackson,Chipped
5,586678,61,ShotOnPost,0.953000030517578,0.32,0.1368530243635177,Cole Palmer,a,8497,OpenPlay,2024,RightFoot,26619,Wolverhampton Wanderers,Chelsea,2,6,2024-08-25 13:00:00,Nicolas Jackson,Chipped
6,586680,69,BlockedShot,0.8019999694824219,0.5029999923706054,0.0585060119628906,Cole Palmer,a,8497,OpenPlay,2024,LeftFoot,26619,Wolverhampton Wanderers,Chelsea,2,6,2024-08-25 13:00:00,Enzo Fernández,Pass
7,589747,11,MissedShots,0.7930000305175782,0.3559999847412109,0.0298467818647623,Cole Palmer,h,8497,OpenPlay,2024,LeftFoot,26630,Chelsea,Crystal Palace,1,1,2024-09-01 12:30:00,Wesley Fofana,Pass
8,589756,47,SavedShot,0.7280000305175781,0.4779999923706055,0.0503665581345558,Cole Palmer,h,8497,DirectFreekick,2024,LeftFoot,26630,Chelsea,Crystal Palace,1,1,2024-09-01 12:30:00,,Standard
9,592095,11,MissedShots,0.8469999694824218,0.5229999923706055,0.102612629532814,Cole Palmer,a,8497,OpenPlay,2024,LeftFoot,26642,West Ham,Chelsea,0,3,2024-09-21 11:30:00,Nicolas Jackson,Pass
10,592106,46,Goal,0.860999984741211,0.644000015258789,0.2833598256111145,Cole Palmer,a,8497,OpenPlay,2024,LeftFoot,26642,West Ham,Chelsea,0,3,2024-09-21 11:30:00,Nicolas Jackson,Pass
11,594170,18,SavedShot,0.855,0.5359999847412109,0.3030575215816498,Cole Palmer,h,8497,OpenPlay,2024,LeftFoot,26657,Chelsea,Brighton,4,2,2024-09-28 14:00:00,Enzo Fernández,Throughball
12,594172,20,Goal,0.8540000152587891,0.4779999923706055,0.3490895330905914,Cole Palmer,h,8497,OpenPlay,2024,LeftFoot,26657,Chelsea,Brighton,4,2,2024-09-28 14:00:00,Nicolas Jackson,Pass
13,594173,27,Goal,0.885,0.5,0.7611688375473022,Cole Palmer,h,8497,Penalty,2024,LeftFoot,26657,Chelsea,Brighton,4,2,2024-09-28 14:00:00,,Standard
14,594174,30,Goal,0.7219999694824218,0.3279999923706054,0.0371402204036712,Cole Palmer,h,8497,DirectFreekick,2024,LeftFoot,26657,Chelsea,Brighton,4,2,2024-09-28 14:00:00,,Standard
15,594179,40,Goal,0.911999969482422,0.634000015258789,0.1375078707933426,Cole Palmer,h,8497,OpenPlay,2024,LeftFoot,26657,Chelsea,Brighton,4,2,2024-09-28 14:00:00,Jadon Sancho,Throughball
16,594186,51,MissedShots,0.7709999847412109,0.6930000305175781,0.0151268197223544,Cole Palmer,h,8497,FromCorner,2024,LeftFoot,26657,Chelsea,Brighton,4,2,2024-09-28 14:00:00,,None
17,594189,55,MissedShots,0.8909999847412109,0.4270000076293945,0.3879269659519195,Cole Palmer,h,8497,OpenPlay,2024,RightFoot,26657,Chelsea,Brighton,4,2,2024-09-28 14:00:00,Moisés Caicedo,Pass
0,585324,60,SavedShot,0.950999984741211,0.4870000076293945,0.5455207824707031,Nicolas Jackson,h,10048,OpenPlay,2024,RightFoot,26610,Chelsea,Manchester City,0,2,2024-08-18 15:30:00,Romeo Lavia,HeadPass
1,586662,1,Goal,0.950999984741211,0.5670000076293945,0.3128086030483246,Nicolas Jackson,a,10048,FromCorner,2024,Head,26619,Wolverhampton Wanderers,Chelsea,2,6,2024-08-25 13:00:00,,None
2,589751,24,Goal,0.9790000152587892,0.534000015258789,0.9706255793571472,Nicolas Jackson,h,10048,OpenPlay,2024,RightFoot,26630,Chelsea,Crystal Palace,1,1,2024-09-01 12:30:00,Cole Palmer,Pass
3,589753,41,SavedShot,0.9030000305175782,0.5070000076293946,0.0586784370243549,Nicolas Jackson,h,10048,OpenPlay,2024,Head,26630,Chelsea,Crystal Palace,1,1,2024-09-01 12:30:00,,None
4,589765,92,SavedShot,0.9209999847412108,0.6070000076293945,0.4049436748027801,Nicolas Jackson,h,10048,OpenPlay,2024,LeftFoot,26630,Chelsea,Crystal Palace,1,1,2024-09-01 12:30:00,Mykhailo Mudryk,Chipped
5,589764,92,MissedShots,0.8440000152587891,0.3160000038146973,0.0607877746224403,Nicolas Jackson,h,10048,OpenPlay,2024,RightFoot,26630,Chelsea,Crystal Palace,1,1,2024-09-01 12:30:00,Christopher Nkunku,Pass
6,591173,33,SavedShot,0.909000015258789,0.6730000305175782,0.0712776780128479,Nicolas Jackson,a,10048,OpenPlay,2024,LeftFoot,26639,Bournemouth,Chelsea,0,1,2024-09-14 19:00:00,Noni Madueke,Pass
7,591181,55,MissedShots,0.8469999694824218,0.6120000076293945,0.0646673366427421,Nicolas Jackson,a,10048,OpenPlay,2024,RightFoot,26639,Bournemouth,Chelsea,0,1,2024-09-14 19:00:00,Jadon Sancho,Pass
8,591185,65,BlockedShot,0.9280000305175782,0.4870000076293945,0.1165965348482132,Nicolas Jackson,a,10048,OpenPlay,2024,RightFoot,26639,Bournemouth,Chelsea,0,1,2024-09-14 19:00:00,,None
9,592094,3,Goal,0.9540000152587892,0.6580000305175782,0.2621132433414459,Nicolas Jackson,a,10048,OpenPlay,2024,RightFoot,26642,West Ham,Chelsea,0,3,2024-09-21 11:30:00,Jadon Sancho,Pass
10,592098,17,Goal,0.855999984741211,0.5259999847412109,0.3436554074287414,Nicolas Jackson,a,10048,OpenPlay,2024,RightFoot,26642,West Ham,Chelsea,0,3,2024-09-21 11:30:00,Moisés Caicedo,Throughball
11,592102,33,BlockedShot,0.8190000152587891,0.509000015258789,0.0861573442816734,Nicolas Jackson,a,10048,OpenPlay,2024,LeftFoot,26642,West Ham,Chelsea,0,3,2024-09-21 11:30:00,Jadon Sancho,Pass
12,592110,60,BlockedShot,0.87,0.32,0.0698368325829505,Nicolas Jackson,a,10048,OpenPlay,2024,RightFoot,26642,West Ham,Chelsea,0,3,2024-09-21 11:30:00,Noni Madueke,BallTouch
13,594184,46,SavedShot,0.8880000305175781,0.664000015258789,0.0787396430969238,Nicolas Jackson,h,10048,OpenPlay,2024,LeftFoot,26657,Chelsea,Brighton,4,2,2024-09-28 14:00:00,Cole Palmer,Pass
14,594185,48,BlockedShot,0.8930000305175781,0.4179999923706055,0.5958869457244873,Nicolas Jackson,h,10048,OpenPlay,2024,RightFoot,26657,Chelsea,Brighton,4,2,2024-09-28 14:00:00,Cole Palmer,TakeOn
15,594187,53,MissedShots,0.9459999847412108,0.4779999923706055,0.0786582008004188,Nicolas Jackson,h,10048,FromCorner,2024,Head,26657,Chelsea,Brighton,4,2,2024-09-28 14:00:00,Marc Cucurella,Aerial
16,594191,66,BlockedShot,0.9459999847412108,0.4029999923706054,0.4771881997585296,Nicolas Jackson,h,10048,OpenPlay,2024,RightFoot,26657,Chelsea,Brighton,4,2,2024-09-28 14:00:00,Cole Palmer,Throughball
17,594193,75,MissedShots,0.894000015258789,0.3979999923706054,0.1305889040231704,Nicolas Jackson,h,10048,OpenPlay,2024,RightFoot,26657,Chelsea,Brighton,4,2,2024-09-28 14:00:00,Pedro Neto,Pass
0,584739,13,BlockedShot,0.845999984741211,0.3309999847412109,0.0465279966592788,Kai Havertz,h,5220,OpenPlay,2024,LeftFoot,26604,Arsenal,Wolverhampton Wanderers,2,0,2024-08-17 14:00:00,Thomas Partey,Pass
1,584744,24,Goal,0.9230000305175782,0.4959999847412109,0.3822899758815765,Kai Havertz,h,5220,OpenPlay,2024,Head,26604,Arsenal,Wolverhampton Wanderers,2,0,2024-08-17 14:00:00,Bukayo Saka,Cross
2,584750,49,MissedShots,0.8819999694824219,0.580999984741211,0.1159874647855758,Kai Havertz,h,5220,OpenPlay,2024,RightFoot,26604,Arsenal,Wolverhampton Wanderers,2,0,2024-08-17 14:00:00,Gabriel Martinelli,Pass
3,584753,58,BlockedShot,0.91,0.3329999923706054,0.0920328497886657,Kai Havertz,h,5220,OpenPlay,2024,RightFoot,26604,Arsenal,Wolverhampton Wanderers,2,0,2024-08-17 14:00:00,Thomas Partey,Pass
4,584760,79,BlockedShot,0.8540000152587891,0.3129999923706055,0.0655072778463363,Kai Havertz,h,5220,OpenPlay,2024,LeftFoot,26604,Arsenal,Wolverhampton Wanderers,2,0,2024-08-17 14:00:00,Martin Odegaard,Pass
5,586303,38,MissedShots,0.955,0.5479999923706055,0.614169716835022,Kai Havertz,a,5220,OpenPlay,2024,LeftFoot,26618,Aston Villa,Arsenal,0,2,2024-08-24 16:30:00,Gabriel Martinelli,Pass
6,588952,37,Goal,0.785,0.5409999847412109,0.4548189043998718,Kai Havertz,h,5220,OpenPlay,2024,LeftFoot,26622,Arsenal,Brighton,1,1,2024-08-31 11:30:00,Bukayo Saka,Throughball
7,588964,74,SavedShot,0.8630000305175781,0.5879999923706055,0.2919255197048187,Kai Havertz,h,5220,OpenPlay,2024,LeftFoot,26622,Arsenal,Brighton,1,1,2024-08-31 11:30:00,Gabriel,Pass
8,591311,17,SavedShot,0.916999969482422,0.4709999847412109,0.1104438751935958,Kai Havertz,a,5220,OpenPlay,2024,Head,26640,Tottenham,Arsenal,0,1,2024-09-15 13:00:00,Gabriel Martinelli,Cross
9,591314,22,SavedShot,0.911999969482422,0.5459999847412109,0.0326364897191524,Kai Havertz,a,5220,FromCorner,2024,Head,26640,Tottenham,Arsenal,0,1,2024-09-15 13:00:00,Bukayo Saka,Aerial
10,593155,96,SavedShot,0.88,0.4009999847412109,0.0914267227053642,Kai Havertz,a,5220,OpenPlay,2024,LeftFoot,26651,Manchester City,Arsenal,2,2,2024-09-22 15:30:00,,None
11,594110,36,MissedShots,0.9080000305175782,0.5640000152587891,0.0811347365379333,Kai Havertz,h,5220,OpenPlay,2024,Head,26655,Arsenal,Leicester,4,2,2024-09-28 14:00:00,Leandro Trossard,Cross
12,594112,47,BlockedShot,0.926999969482422,0.4879999923706055,0.0746851116418838,Kai Havertz,h,5220,OpenPlay,2024,Head,26655,Arsenal,Leicester,4,2,2024-09-28 14:00:00,Gabriel Martinelli,Aerial
13,594118,54,MissedShots,0.8130000305175781,0.3620000076293945,0.0507827885448932,Kai Havertz,h,5220,OpenPlay,2024,RightFoot,26655,Arsenal,Leicester,4,2,2024-09-28 14:00:00,Bukayo Saka,Pass
14,594125,66,BlockedShot,0.9840000152587892,0.585,0.0564802289009094,Kai Havertz,h,5220,FromCorner,2024,Head,26655,Arsenal,Leicester,4,2,2024-09-28 14:00:00,Bukayo Saka,Cross
15,594128,67,SavedShot,0.9590000152587892,0.51,0.6746046543121338,Kai Havertz,h,5220,OpenPlay,2024,RightFoot,26655,Arsenal,Leicester,4,2,2024-09-28 14:00:00,,Rebound
16,594136,88,MissedShots,0.9290000152587892,0.5070000076293946,0.412573367357254,Kai Havertz,h,5220,OpenPlay,2024,Head,26655,Arsenal,Leicester,4,2,2024-09-28 14:00:00,Bukayo Saka,Cross
17,594140,98,Goal,0.9840000152587892,0.5540000152587891,0.8923908472061157,Kai Havertz,h,5220,OpenPlay,2024,OtherBodyPart,26655,Arsenal,Leicester,4,2,2024-09-28 14:00:00,,None
0,585646,6,SavedShot,0.904000015258789,0.36,0.0426639355719089,Brennan Johnson,a,10760,FromCorner,2024,RightFoot,26611,Leicester,Tottenham,1,1,2024-08-19 19:00:00,Pedro Porro,Cross
1,585653,32,MissedShots,0.9640000152587892,0.3579999923706055,0.0281945094466209,Brennan Johnson,a,10760,SetPiece,2024,RightFoot,26611,Leicester,Tottenham,1,1,2024-08-19 19:00:00,James Maddison,Cross
2,586100,10,MissedShots,0.9080000305175782,0.4909999847412109,0.3125296831130981,Brennan Johnson,h,10760,OpenPlay,2024,Head,26617,Tottenham,Everton,4,0,2024-08-24 14:00:00,James Maddison,Cross
3,589786,55,SavedShot,0.960999984741211,0.4020000076293945,0.3935340642929077,Brennan Johnson,a,10760,OpenPlay,2024,RightFoot,26629,Newcastle United,Tottenham,2,1,2024-09-01 12:30:00,,Rebound
4,589795,75,MissedShots,0.8669999694824219,0.455,0.0631370022892952,Brennan Johnson,a,10760,FromCorner,2024,LeftFoot,26629,Newcastle United,Tottenham,2,1,2024-09-01 12:30:00,,TakeOn
5,591316,42,BlockedShot,0.9080000305175782,0.3060000038146973,0.0801486670970916,Brennan Johnson,h,10760,OpenPlay,2024,RightFoot,26640,Tottenham,Arsenal,0,1,2024-09-15 13:00:00,Pedro Porro,Pass
6,591317,45,MissedShots,0.894000015258789,0.3270000076293945,0.0732796639204025,Brennan Johnson,h,10760,OpenPlay,2024,RightFoot,26640,Tottenham,Arsenal,0,1,2024-09-15 13:00:00,Dejan Kulusevski,Pass
7,591320,59,SavedShot,0.884000015258789,0.2970000076293945,0.045592688024044,Brennan Johnson,h,10760,OpenPlay,2024,LeftFoot,26640,Tottenham,Arsenal,0,1,2024-09-15 13:00:00,Pedro Porro,Pass
8,591321,62,BlockedShot,0.855999984741211,0.415,0.0663748085498809,Brennan Johnson,h,10760,OpenPlay,2024,RightFoot,26640,Tottenham,Arsenal,0,1,2024-09-15 13:00:00,,None
9,592497,10,MissedShots,0.8680000305175781,0.285,0.040112629532814,Brennan Johnson,h,10760,OpenPlay,2024,RightFoot,26648,Tottenham,Brentford,3,1,2024-09-21 14:00:00,Dejan Kulusevski,Pass
10,592498,15,BlockedShot,0.85,0.489000015258789,0.0796132311224937,Brennan Johnson,h,10760,OpenPlay,2024,LeftFoot,26648,Tottenham,Brentford,3,1,2024-09-21 14:00:00,,BallRecovery
11,592504,27,Goal,0.914000015258789,0.31,0.0892946422100067,Brennan Johnson,h,10760,OpenPlay,2024,RightFoot,26648,Tottenham,Brentford,3,1,2024-09-21 14:00:00,Son Heung-Min,Pass
12,592510,45,BlockedShot,0.9030000305175782,0.3940000152587891,0.099926047027111,Brennan Johnson,h,10760,OpenPlay,2024,RightFoot,26648,Tottenham,Brentford,3,1,2024-09-21 14:00:00,,None
13,592514,59,SavedShot,0.8969999694824219,0.3,0.0657653585076332,Brennan Johnson,h,10760,OpenPlay,2024,RightFoot,26648,Tottenham,Brentford,3,1,2024-09-21 14:00:00,Dejan Kulusevski,Pass
14,592516,62,MissedShots,0.921999969482422,0.3329999923706054,0.3049748837947845,Brennan Johnson,h,10760,OpenPlay,2024,RightFoot,26648,Tottenham,Brentford,3,1,2024-09-21 14:00:00,Son Heung-Min,Pass
15,594789,2,Goal,0.9690000152587892,0.469000015258789,0.8900972008705139,Brennan Johnson,a,10760,OpenPlay,2024,RightFoot,26660,Manchester United,Tottenham,0,3,2024-09-29 15:30:00,Micky van de Ven,Pass
16,594792,19,ShotOnPost,0.885,0.3120000076293945,0.0716471895575523,Brennan Johnson,a,10760,OpenPlay,2024,RightFoot,26660,Manchester United,Tottenham,0,3,2024-09-29 15:30:00,Dejan Kulusevski,Pass
17,594802,39,BlockedShot,0.884000015258789,0.28,0.0259137023240327,Brennan Johnson,a,10760,SetPiece,2024,RightFoot,26660,Manchester United,Tottenham,0,3,2024-09-29 15:30:00,,Rebound
0,584740,14,SavedShot,0.8719999694824219,0.2960000038146972,0.0423973314464092,Bukayo Saka,h,7322,OpenPlay,2024,LeftFoot,26604,Arsenal,Wolverhampton Wanderers,2,0,2024-08-17 14:00:00,Thomas Partey,Pass
1,584742,17,SavedShot,0.8430000305175781,0.3320000076293945,0.0470896139740943,Bukayo Saka,h,7322,OpenPlay,2024,RightFoot,26604,Arsenal,Wolverhampton Wanderers,2,0,2024-08-17 14:00:00,Kai Havertz,BallTouch
2,584747,36,MissedShots,0.93,0.444000015258789,0.3456461727619171,Bukayo Saka,h,7322,OpenPlay,2024,Head,26604,Arsenal,Wolverhampton Wanderers,2,0,2024-08-17 14:00:00,Gabriel Martinelli,Cross
3,584748,39,MissedShots,0.754000015258789,0.455,0.032087605446577,Bukayo Saka,h,7322,OpenPlay,2024,LeftFoot,26604,Arsenal,Wolverhampton Wanderers,2,0,2024-08-17 14:00:00,Martin Odegaard,Dispossessed
4,584759,73,Goal,0.8690000152587891,0.2960000038146972,0.0528427064418792,Bukayo Saka,h,7322,OpenPlay,2024,LeftFoot,26604,Arsenal,Wolverhampton Wanderers,2,0,2024-08-17 14:00:00,Kai Havertz,Pass
5,586300,15,SavedShot,0.8669999694824219,0.344000015258789,0.0657912641763687,Bukayo Saka,a,7322,OpenPlay,2024,LeftFoot,26618,Aston Villa,Arsenal,0,2,2024-08-24 16:30:00,Martin Odegaard,Pass
6,588945,1,SavedShot,0.993000030517578,0.4179999923706055,0.1619489938020706,Bukayo Saka,h,7322,OpenPlay,2024,LeftFoot,26622,Arsenal,Brighton,1,1,2024-08-31 11:30:00,Kai Havertz,TakeOn
7,588946,7,SavedShot,0.948000030517578,0.3520000076293945,0.3627766072750091,Bukayo Saka,h,7322,SetPiece,2024,LeftFoot,26622,Arsenal,Brighton,1,1,2024-08-31 11:30:00,Martin Odegaard,Throughball
8,588965,74,BlockedShot,0.8680000305175781,0.575,0.1730258464813232,Bukayo Saka,h,7322,OpenPlay,2024,LeftFoot,26622,Arsenal,Brighton,1,1,2024-08-31 11:30:00,,TakeOn
9,588969,76,SavedShot,0.915,0.5459999847412109,0.4892998933792114,Bukayo Saka,h,7322,OpenPlay,2024,LeftFoot,26622,Arsenal,Brighton,1,1,2024-08-31 11:30:00,Kai Havertz,Cross
10,591322,62,BlockedShot,0.8540000152587891,0.37,0.0924596041440963,Bukayo Saka,a,7322,OpenPlay,2024,LeftFoot,26640,Tottenham,Arsenal,0,1,2024-09-15 13:00:00,Gabriel Martinelli,Pass
11,594101,14,SavedShot,0.725999984741211,0.385,0.0183395445346832,Bukayo Saka,h,7322,OpenPlay,2024,LeftFoot,26655,Arsenal,Leicester,4,2,2024-09-28 14:00:00,Jurriën Timber,Pass
12,594106,26,BlockedShot,0.7959999847412109,0.354000015258789,0.0205399468541145,Bukayo Saka,h,7322,FromCorner,2024,LeftFoot,26655,Arsenal,Leicester,4,2,2024-09-28 14:00:00,,None
13,594117,53,SavedShot,0.96,0.2829999923706054,0.0603199303150177,Bukayo Saka,h,7322,OpenPlay,2024,RightFoot,26655,Arsenal,Leicester,4,2,2024-09-28 14:00:00,,None
14,594119,55,MissedShots,0.919000015258789,0.2720000076293945,0.0527324862778186,Bukayo Saka,h,7322,OpenPlay,2024,RightFoot,26655,Arsenal,Leicester,4,2,2024-09-28 14:00:00,Jurriën Timber,Pass
15,594120,57,BlockedShot,0.933000030517578,0.335,0.094597540795803,Bukayo Saka,h,7322,OpenPlay,2024,LeftFoot,26655,Arsenal,Leicester,4,2,2024-09-28 14:00:00,Leandro Trossard,Pass
16,594127,67,BlockedShot,0.8730000305175781,0.374000015258789,0.0810000523924827,Bukayo Saka,h,7322,OpenPlay,2024,LeftFoot,26655,Arsenal,Leicester,4,2,2024-09-28 14:00:00,Jurriën Timber,Pass
17,594134,86,BlockedShot,0.8019999694824219,0.4259999847412109,0.0514841862022876,Bukayo Saka,h,7322,OpenPlay,2024,LeftFoot,26655,Arsenal,Leicester,4,2,2024-09-28 14:00:00,Jurriën Timber,TakeOn
0,584630,19,MissedShots,0.970999984741211,0.6730000305175782,0.0500783920288085,Bruno Fernandes,h,1228,OpenPlay,2024,LeftFoot,26602,Manchester United,Fulham,1,0,2024-08-16 19:00:00,Lisandro Martínez,Chipped
1,584632,28,SavedShot,0.9130000305175782,0.3459999847412109,0.257691740989685,Bruno Fernandes,h,1228,OpenPlay,2024,RightFoot,26602,Manchester United,Fulham,1,0,2024-08-16 19:00:00,Casemiro,Pass
2,584633,33,SavedShot,0.9130000305175782,0.4629999923706054,0.4701629877090454,Bruno Fernandes,h,1228,OpenPlay,2024,RightFoot,26602,Manchester United,Fulham,1,0,2024-08-16 19:00:00,Casemiro,Pass
3,584639,54,BlockedShot,0.78,0.5629999923706055,0.0335659049451351,Bruno Fernandes,h,1228,OpenPlay,2024,RightFoot,26602,Manchester United,Fulham,1,0,2024-08-16 19:00:00,,BallRecovery
4,584642,65,BlockedShot,0.7759999847412109,0.49,0.0317810773849487,Bruno Fernandes,h,1228,OpenPlay,2024,LeftFoot,26602,Manchester United,Fulham,1,0,2024-08-16 19:00:00,Casemiro,Pass
5,584647,79,SavedShot,0.8190000152587891,0.5420000076293945,0.0946059226989746,Bruno Fernandes,h,1228,OpenPlay,2024,RightFoot,26602,Manchester United,Fulham,1,0,2024-08-16 19:00:00,Alejandro Garnacho,Pass
6,585854,53,BlockedShot,0.8880000305175781,0.61,0.0861924812197685,Bruno Fernandes,a,1228,OpenPlay,2024,RightFoot,26612,Brighton,Manchester United,2,1,2024-08-24 11:30:00,Joshua Zirkzee,Pass
7,589917,85,MissedShots,0.7869999694824219,0.2679999923706054,0.0113342460244894,Bruno Fernandes,h,1228,OpenPlay,2024,RightFoot,26631,Manchester United,Liverpool,0,3,2024-09-01 15:00:00,Amad Diallo Traore,Pass
8,590473,18,MissedShots,0.905,0.65,0.1106824651360511,Bruno Fernandes,a,1228,OpenPlay,2024,LeftFoot,26632,Southampton,Manchester United,0,3,2024-09-14 11:30:00,Amad Diallo Traore,Pass
9,590481,38,BlockedShot,0.8859999847412109,0.66,0.0886754691600799,Bruno Fernandes,a,1228,OpenPlay,2024,RightFoot,26632,Southampton,Manchester United,0,3,2024-09-14 11:30:00,Amad Diallo Traore,Pass
10,590484,42,BlockedShot,0.764000015258789,0.2770000076293945,0.0232404582202434,Bruno Fernandes,a,1228,OpenPlay,2024,RightFoot,26632,Southampton,Manchester United,0,3,2024-09-14 11:30:00,Joshua Zirkzee,Pass
11,590489,60,BlockedShot,0.759000015258789,0.3609999847412109,0.0198867749422788,Bruno Fernandes,a,1228,FromCorner,2024,LeftFoot,26632,Southampton,Manchester United,0,3,2024-09-14 11:30:00,Amad Diallo Traore,Pass
12,590491,87,MissedShots,0.7480000305175781,0.505,0.0263318493962287,Bruno Fernandes,a,1228,OpenPlay,2024,RightFoot,26632,Southampton,Manchester United,0,3,2024-09-14 11:30:00,Alejandro Garnacho,Pass
13,592622,26,ShotOnPost,0.885,0.385,0.3092979490756988,Bruno Fernandes,a,1228,OpenPlay,2024,RightFoot,26649,Crystal Palace,Manchester United,0,0,2024-09-21 16:30:00,,Rebound
14,592624,34,BlockedShot,0.8669999694824219,0.34,0.0623583942651748,Bruno Fernandes,a,1228,OpenPlay,2024,RightFoot,26649,Crystal Palace,Manchester United,0,0,2024-09-21 16:30:00,Amad Diallo Traore,Pass
15,592629,50,MissedShots,0.8040000152587891,0.445,0.0138496300205588,Bruno Fernandes,a,1228,FromCorner,2024,RightFoot,26649,Crystal Palace,Manchester United,0,0,2024-09-21 16:30:00,Christian Eriksen,Chipped
16,592630,51,MissedShots,0.8219999694824218,0.4970000076293945,0.0734729766845703,Bruno Fernandes,a,1228,OpenPlay,2024,RightFoot,26649,Crystal Palace,Manchester United,0,0,2024-09-21 16:30:00,Joshua Zirkzee,Pass
